{"chunk_definitions":[{"chunk_id":"csetup_chunk","chunk_label":"setup","document_id":"F8A2703B","expansion_state":0,"options":{"engine":"r","include":false,"label":"setup"},"row":9,"row_count":1,"visible":true},{"chunk_id":"c3623wes8nsij","chunk_label":"unnamed-chunk-1","document_id":"DC13D3EE","expansion_state":0,"options":{"engine":"r","label":"unnamed-chunk-227"},"row":23,"row_count":1,"visible":true},{"chunk_id":"cs92i41tgdhsf","chunk_label":"unnamed-chunk-2","document_id":"DC13D3EE","expansion_state":0,"options":{"engine":"r","label":"unnamed-chunk-228"},"row":26,"row_count":1,"visible":true},{"chunk_id":"co9m73qu7x590","chunk_label":"unnamed-chunk-3","document_id":"F8A2703B","expansion_state":0,"options":{"engine":"r","label":"unnamed-chunk-229"},"row":33,"row_count":1,"visible":true},{"chunk_id":"c71vf6tqief52","chunk_label":"unnamed-chunk-4","document_id":"F8A2703B","expansion_state":0,"options":{"engine":"r","label":"unnamed-chunk-230"},"row":41,"row_count":1,"visible":true},{"chunk_id":"c6bkrwg68f3uf","chunk_label":"unnamed-chunk-5","document_id":"DC13D3EE","expansion_state":0,"options":{"engine":"r","label":"unnamed-chunk-231"},"row":53,"row_count":1,"visible":true},{"chunk_id":"cpyimtayzbptg","chunk_label":"unnamed-chunk-6","document_id":"DC13D3EE","expansion_state":0,"options":{"engine":"r","label":"unnamed-chunk-232"},"row":59,"row_count":1,"visible":true},{"chunk_id":"cibmkcqc0wn74","chunk_label":"unnamed-chunk-7","document_id":"F8A2703B","expansion_state":0,"options":{"engine":"r","label":"unnamed-chunk-233"},"row":70,"row_count":1,"visible":true},{"chunk_id":"cc24242ygwdux","chunk_label":"unnamed-chunk-8","document_id":"DC13D3EE","expansion_state":0,"options":{"engine":"r","label":"unnamed-chunk-234"},"row":76,"row_count":1,"visible":true},{"chunk_id":"ctzlvmol1lrqj","chunk_label":"unnamed-chunk-9","document_id":"F8A2703B","expansion_state":0,"options":{"engine":"r","label":"unnamed-chunk-235"},"row":85,"row_count":1,"visible":true},{"chunk_id":"caj4okk8t1rjj","chunk_label":"unnamed-chunk-10","document_id":"DC13D3EE","expansion_state":0,"options":{"engine":"r","label":"unnamed-chunk-236"},"row":88,"row_count":1,"visible":true},{"chunk_id":"crpyya3kbmlg2","chunk_label":"unnamed-chunk-11","document_id":"F8A2703B","expansion_state":0,"options":{"engine":"r","label":"unnamed-chunk-237"},"row":98,"row_count":1,"visible":true},{"chunk_id":"cio8qelyy4at5","chunk_label":"unnamed-chunk-12","document_id":"F8A2703B","expansion_state":0,"options":{"engine":"r","label":"unnamed-chunk-238"},"row":102,"row_count":1,"visible":true},{"chunk_id":"cns1elw1m5ihn","chunk_label":"unnamed-chunk-13","document_id":"DC13D3EE","expansion_state":0,"options":{"engine":"r","label":"unnamed-chunk-239"},"row":106,"row_count":1,"visible":true}],"default_chunk_options":{"echo":true,"error":false},"doc_write_time":1502335750,"working_dir":null}