{"chunk_definitions":[{"chunk_id":"csetup_chunk","chunk_label":"setup","document_id":"95C33C68","expansion_state":0,"options":{"engine":"r","include":false,"label":"setup"},"row":9,"row_count":1,"visible":true},{"chunk_id":"c4oyuadtfvwxr","chunk_label":"unnamed-chunk-1","document_id":"95C33C68","expansion_state":0,"options":{"engine":"r","label":"unnamed-chunk-19"},"row":51,"row_count":1,"visible":true},{"chunk_id":"cykrdxnuyyvkp","chunk_label":"unnamed-chunk-2","document_id":"95C33C68","expansion_state":0,"options":{"engine":"r","label":"unnamed-chunk-22"},"row":59,"row_count":1,"visible":true}],"default_chunk_options":{"echo":true,"error":false},"doc_write_time":1502327922,"working_dir":null}