{"chunk_definitions":[{"chunk_id":"csetup_chunk","chunk_label":"setup","document_id":"A60966D1","expansion_state":0,"options":{"engine":"r","include":false,"label":"setup"},"row":9,"row_count":1,"visible":true},{"chunk_id":"cflyz9p4rkgoz","chunk_label":"unnamed-chunk-1","document_id":"A60966D1","expansion_state":0,"options":{"engine":"r","label":"unnamed-chunk-1"},"row":15,"row_count":1,"visible":true},{"chunk_id":"cjaa8yveb95ms","chunk_label":"unnamed-chunk-2","document_id":"A60966D1","expansion_state":0,"options":{"engine":"r","label":"unnamed-chunk-2"},"row":20,"row_count":1,"visible":true},{"chunk_id":"c8h8w6xm9j2r1","chunk_label":"unnamed-chunk-3","document_id":"A60966D1","expansion_state":0,"options":{"engine":"r","label":"unnamed-chunk-3"},"row":25,"row_count":1,"visible":true},{"chunk_id":"cysvnbfau1hf1","chunk_label":"unnamed-chunk-4","document_id":"A60966D1","expansion_state":0,"options":{"engine":"r","label":"unnamed-chunk-136"},"row":29,"row_count":1,"visible":true},{"chunk_id":"c66vnqg6kif9b","chunk_label":"unnamed-chunk-5","document_id":"A60966D1","expansion_state":0,"options":{},"row":32,"row_count":1,"visible":true},{"chunk_id":"c4i7e394y095q","chunk_label":"unnamed-chunk-6","document_id":"A60966D1","expansion_state":0,"options":{},"row":37,"row_count":1,"visible":true},{"chunk_id":"c1u04uui1qlne","chunk_label":"unnamed-chunk-7","document_id":"A60966D1","expansion_state":0,"options":{},"row":40,"row_count":1,"visible":true},{"chunk_id":"c8z2bb51ejxcy","chunk_label":"unnamed-chunk-8","document_id":"A60966D1","expansion_state":0,"options":{},"row":44,"row_count":1,"visible":true},{"chunk_id":"cf4m5zewjqx9b","chunk_label":"unnamed-chunk-9","document_id":"A60966D1","expansion_state":0,"options":{},"row":55,"row_count":1,"visible":true}],"default_chunk_options":{"echo":true,"error":false},"doc_write_time":1502336202,"working_dir":null}