"0","#1	取‘page_path’、‘ip’、'broswer_type'列"
"0","#2	删除网址‘/’及后面的部分"
"0","#3	删除不含‘.html‘的网址"
"0","#4	找出带翻页的网址"
"0","#5	将翻页网址还原"
"0","#6	筛选出婚姻类网址"
"0","#7	去重"
"0","#8	筛选浏览记录2次以上的IP"
"0","#9	将数据划分为测试集与训练集"
"0","#10	构建用户浏览矩阵"
"0","#11	根据杰卡德系数公式构造物品相似度矩阵"
"0","#12	构建列表：每个IP的浏览记录为一个字表"
"0","#13	利用测试集，根据用户的第一条浏览记录进行推荐"
"0","#14	计算推荐正确率"
"0","data1 <- read.csv(""/home/bruce/Desktop/data_exercise/Untitled Folder/竞赛网2月份数据/竞赛网2月份数据.csv"",sep = ',', stringsAsFactors = F)"
"0","# 1	取‘page_path’、‘ip’ broswer_type列"
"0","myData <- data1[,c('page_path','ip','browser_type')]"
"0","index <- grep(""\\/\\w"",myData$page_path)"
"0","myData <- myData[index,]"
"0","myData <- myData[-grep(""Robot"",myData$browser_type),]"
"0","myData <- myData[,-3]"
"0","myData <- myData[-grep(""jrtd|zzry|HS|P3|gzs|P2|GG|ggg|LH|czdl|pxjs|pxrz|jjfa|tdb|qyjjfa|zjtd|cpfw|gsjj|pxdt|pxkc|hb|HB|bbs|tddt|gxjjfa"",myData$page_path),]#useless keys"
"0","techData <- myData[grep(""yxzp|wzsj|ganhuofenxiang|tj|rmpx|zytj|tts|sjfxs|sjsdf|jmg|jiao|dsjkf|asdf|ts|information|jmgj|yxsp|jxsp|tg"",myData$page_path),]"
"0","techData <- techData[-grep(""/%"",techData$page_path),]"
"0","jingsaiData <- myData[grep(""sjfxs|shiximingdan|jszz|zzszl|huojiangmingdan|saizhi|qk|szjs|xiuzuop|jsz|stpj|yxzp|cgal|firsttipdm|secondtipdm|thirdtipdm|fourthtipdm|jingsa|kjxm|qk|sdfasf|sm|td"",myData$page_path),]"
"0","qiyeData <- myData[grep(""kjxm|qyal|xtxm|wjxq|zxns|zzszl"",myData$page_path),]"
"0","newsData <- myData[grep(""peixunxinxi|news|notice|notices|sj"",myData$page_path),]"
"0","otherData <- myData[grep(""fh|lxwm|gyrs|wjxq|xtxm|xmxs|xmfh|rcfh|yxp|fourthly|cgal"",myData$page_path),]"
