{"chunk_definitions":[{"chunk_id":"csetup_chunk","chunk_label":"setup","document_id":"1A1D9606","expansion_state":0,"options":{"engine":"r","include":false,"label":"setup"},"row":9,"row_count":1,"visible":true},{"chunk_id":"c5ta8m125vz1n","chunk_label":"unnamed-chunk-1","document_id":"1A1D9606","expansion_state":0,"options":{"engine":"r","label":"unnamed-chunk-3"},"row":18,"row_count":1,"visible":true}],"default_chunk_options":{"echo":true,"error":false},"doc_write_time":1502179838,"working_dir":null}