{"chunk_definitions":[{"chunk_id":"cj6ay5dcz9qkk","chunk_label":"unnamed-chunk-6","document_id":"15C5AC50","expansion_state":0,"options":{"engine":"r","label":"unnamed-chunk-125"},"row":50,"row_count":1,"visible":true},{"chunk_id":"czhvmwelx0isi","chunk_label":"unnamed-chunk-7","document_id":"15C5AC50","expansion_state":1,"options":{"engine":"r","label":"unnamed-chunk-158"},"row":63,"row_count":1,"visible":true},{"chunk_id":"cly7ytzqasu5u","chunk_label":"unnamed-chunk-8","document_id":"15C5AC50","expansion_state":0,"options":{"engine":"r","label":"unnamed-chunk-156"},"row":68,"row_count":1,"visible":true},{"chunk_id":"cja7com04unuv","chunk_label":"unnamed-chunk-9","document_id":"15C5AC50","expansion_state":0,"options":{"engine":"r","label":"unnamed-chunk-162"},"row":71,"row_count":1,"visible":true}],"default_chunk_options":{"echo":true,"error":false},"doc_write_time":1502271524,"working_dir":null}