{"chunk_definitions":[{"chunk_id":"csetup_chunk","chunk_label":"setup","document_id":"D07542D7","expansion_state":0,"options":{"engine":"r","include":false,"label":"setup"},"row":9,"row_count":1,"visible":true},{"chunk_id":"cy24rhi6zuju2","chunk_label":"unnamed-chunk-2","document_id":"D07542D7","expansion_state":0,"options":{"engine":"r","label":"unnamed-chunk-7"},"row":20,"row_count":1,"visible":true},{"chunk_id":"cayyn3hccef7z","chunk_label":"unnamed-chunk-3","document_id":"D07542D7","expansion_state":0,"options":{"engine":"r","label":"unnamed-chunk-8"},"row":27,"row_count":1,"visible":true},{"chunk_id":"ctwxdmh8mgyfi","chunk_label":"unnamed-chunk-4","document_id":"D07542D7","expansion_state":0,"options":{"engine":"r","label":"unnamed-chunk-9"},"row":32,"row_count":1,"visible":true},{"chunk_id":"c4y7lzqy8mly2","chunk_label":"unnamed-chunk-5","document_id":"D07542D7","expansion_state":1,"options":{"engine":"r","label":"unnamed-chunk-13"},"row":36,"row_count":1,"visible":true},{"chunk_id":"cxt22e202gpcf","chunk_label":"unnamed-chunk-7","document_id":"D07542D7","expansion_state":0,"options":{"engine":"r","label":"unnamed-chunk-247"},"row":44,"row_count":1,"visible":true},{"chunk_id":"cmr5odu2o6dmo","chunk_label":"unnamed-chunk-8","document_id":"D07542D7","expansion_state":0,"options":{"engine":"r","label":"unnamed-chunk-248"},"row":47,"row_count":1,"visible":true},{"chunk_id":"c8c7xkfcxfns7","chunk_label":"unnamed-chunk-9","document_id":"D07542D7","expansion_state":0,"options":{"engine":"r","label":"unnamed-chunk-252"},"row":51,"row_count":1,"visible":true}],"chunk_rendered_width":700,"default_chunk_options":{"echo":true,"error":false},"doc_write_time":1502348992,"working_dir":null}